Column1,index,symbol,long name,currency,exchange,industry,description,sector,country,ipo date,shorter name,Type,Industries,Similar Companies,price,mktCap,name raw,currency symbol,robinhood name,short name,Warrant,shortest name,url name, smart_order ,random csv equations,pure name,shortest - pure diff,order,first_letter
,,9922.HK,Jiumaojiu International Holdings Ltd,HKD,HKSE,Consumer Services,"Jiumaojiu International Holdings Limited operates as a Chinese cuisine restaurant brand manager and operator in the People's Republic of China. As of December 31, 2019, it operated 292 restaurants and managed 44 franchised restaurants covering 40 cities in 16 provinces and four municipalities in the People's Republic of China under the Jiu Mao Jiu, Tai Er, Double Eggs, Cooking Spicy Kebab, and Uncle Chef brands. The company was founded in 1995 and is headquartered in Guangzhou, the People's Republic of China.","Hotels, Restaurants & Leisure",CN,1/15/2020,Jiumaojiu International Holdings Ltd,,,,37.15,53994185000.0,Jiumaojiu International Holdings Ltd,HKD,Jiumaojiu International Holdings Ltd,Jiumaojiu International Holdings Ltd,,Jiumaojiu International Holdings Ltd,9922.hk,,,Jiumaojiu International Holdings Ltd,,10771,9
,,9958.HK,Litian Pictures Holdings Ltd,HKD,HKSE,,"Litian Pictures Holdings Limited operates as a drama series distribution company, providing drama series development, production, marketing, and distribution services in the People's Republic of China. It engages in licensing the broadcasting rights of self-produced and outright-purchased drama series; selling script copyrights of drama series; and acting as a distribution agent of the broadcasting rights of TV series. The company also acts as a non-executive producer and enter into co-financing arrangements with the executive producers of the drama series. Its principal customers include TV channels, including satellite and terrestrial TV channels, as well as online media platforms. The company was founded in 2013 and is headquartered in Beijing, China.",,CN,6/22/2020,Litian Pictures Holdings Ltd,,,,1.61,483000000.0,Litian Pictures Holdings Ltd,HKD,Litian Pictures Holdings Ltd,Litian Pictures Holdings Ltd,,Litian Pictures Holdings Ltd,9958.hk,,,Litian Pictures Holdings Ltd,,10808,9
,,9939.HK,Kintor Pharmaceutical Ltd,HKD,HKSE,"Pharmaceuticals, Biotechnology & Life Sciences","Kintor Pharmaceutical Limited, a biopharmaceutical company, engages in the research and development of drugs for the treatment of various cancers and other androgen receptor (AR) - related diseases in China, the United States, and Taiwan. The company's lead drug candidates include Proxalutamide, a small molecule second generation AR antagonist that is in various clinical trials for metastatic castration-resistant prostate cancer and breast cancer; and Pyrilutamide, which is in various clinical trials for androgenetic alopecia and acne vulgaris. It also develops ALK-1 for the treatment of metastatic hepatocellular carcinoma and liver cancer; Detorsertib, a second-generation mTOR inhibitor for the treatment of metastatic solid tumours; and GT1708F, for the treatment of leukaemia and basal-cell carcinoma. The company was founded in 2009 and is headquartered in Suzhou, China.",Biotechnology,CN,5/22/2020,Kintor Pharmaceutical Ltd,,,,16.1,5947179500.0,Kintor Pharmaceutical Ltd,HKD,Kintor Pharmaceutical Ltd,Kintor Pharmaceutical Ltd,,Kintor Pharmaceutical Ltd,9939.hk,,,Kintor Pharmaceutical Ltd,,10815,9
,,93M.DE,MPH Health Care AG,EUR,XETRA,"Pharmaceuticals, Biotechnology & Life Sciences","MPH Health Care AG is an investment company, which engages in the acquisition and development of companies and shares in companies from the healthcare industry. The company is headquartered in Berlin, Berlin and currently employs 390 full-time employees. The firm focuses on the purchase, development and sale of companies and shares in companies from the healthcare market. The firm's portfolio comprises HAEMATO AG, M1 Kliniken AG and MPH Ventures. HAEMATO AG is a pharmaceutical company that offers generics for the therapies of cancer, human immunodeficiency virus (HIV) and other chronic diseases. M1 Kliniken AG focuses on the medicinal beauty market and develops and sells pharmaceutical and medical products and services, as well as medical devices for the aesthetic surgery and cosmetic dermatology. MPH Ventures operates as venture capitalist and invests in Pharmigon GmbH, a company specialized in cytostatic admixture and concomitant medications, as well as in the real estate company CR Capital Real Estate AG.",Pharmaceuticals,DE,1/1/2009,MPH Health Care AG,,,,2.63,113670712.0,MPH Health Care AG,€,MPH Health Care AG,MPH Health Care AG,,MPH Health Care AG,93m.de,,,MPH Health Care AG,,10823,9
,,9618.HK,JD.com Inc,HKD,HKSE,Retailing,"JD.com, Inc., through its subsidiaries, operates as an e-commerce company and retail infrastructure service provider in the People's Republic of China. It operates in two segments, JD Retail and New Businesses. The company offers home appliances; mobile handsets and other digital products; desktop, laptop, and other computers, as well as printers and other office equipment; furniture and household goods; apparel; cosmetics, personal care items, and pet products; women's shoes, bags, jewelry, and luxury goods; men's shoes, sports gears, and fitness equipment; automobiles and accessories; maternal and childcare products, toys, and musical instruments; and food, beverage, and fresh produce. It also provides gifts, flowers, and plants; nutritional supplements, healthcare services, and other healthcare equipment; books, e-books, music, movie, and other media products; and virtual goods, such as online travel agency, attraction tickets, and prepaid phone and game cards, as well as industrial products and installation and maintenance services. In addition, the company offers an online marketplace for third-party merchants to sell products to customers; and transaction processing and billing and other services. Further, it provides online marketing services for suppliers, third-party merchants, and other business partners; supply chain and logistics services for various industries; and consumer financing services to individual customers, as well as online-to-offline solutions. JD.com, Inc. offers its products through its website jd.com and mobile apps, as well as directly to customers. As of December 31, 2019, JD.com, Inc. operated fulfillment centers in seven cities; and 700 warehouses in 89 cities covering various counties and districts. The company has strategic cooperation agreement with Tencent Holdings Limited. JD.com, Inc. is headquartered in Beijing, China.",Retail,CN,5/22/2014,JD.com Inc,,,,386.8,1200000000000.0,JD.com Inc,HKD,JD.com Inc,JD.com Inc,,JD.com Inc,9618.hk,,,JD.com Inc,,10824,9
,,9633.HK,"Nongfu Spring Co., Ltd.",HKD,HKSE,Beverages,"Nongfu Spring Co., Ltd. produces and markets packaged drinking water and beverage products primarily in Mainland China. It operates through Water Products, Functional Drinks Products, Ready-To-Drink Tea Products, Juice Beverage Products, and Other Products Segments. The company also offers tea and coffee drink products, functional drink products, fruit juice products, plant based protein yogurts, and fresh oranges and apples. It serves national or regional supermarkets, chained convenience stores, e-commerce platforms, restaurants, airlines, and large corporate customers through dealers, and front-line sales and sales management personnel. The company was founded in 1996 and is headquartered in Hangzhou, China. Nongfu Spring Co., Ltd. is a subsidiary of Yangshengtang Co., Ltd.",Consumer Defensive,CN,,"Nongfu Spring Co., Ltd.",,,,62.2,1090000000000.0,"Nongfu Spring Co., Ltd.",HKD,"Nongfu Spring Co., Ltd.","Nongfu Spring Co., Ltd.",,"Nongfu Spring Co., Ltd.",9633.hk,,,"Nongfu Spring Co., Ltd.",,10825,9
,,9666.HK,JINKE SERVICES,HKD,HKSE,Real Estate Services,"Jinke Smart Services Group Co., Ltd. engages in the provision of property management services and other value-added services for residential and non-residential properties in the People's Republic of China. Jinke Smart Services Group Co., Ltd. was formerly known as Jinke Property Service Group Co., Ltd. The company was founded in 2000 and is headquartered in Chongqing, China. Jinke Smart Services Group Co., Ltd. is a subsidiary of Jinke Property Group Co., Ltd.",Real Estate,CN,11/10/2020,JINKE SERVICES,,,,80.6,52619547000.0,JINKE SERVICES,HKD,JINKE SERVICES,JINKE SERVICES,,JINKE SERVICES,9666.hk,,,JINKE SERVICES,,10826,9
,,9698.HK,GDS-SW,HKD,HKSE,Information Technology Services,"GDS Holdings Limited, together with its subsidiaries, develops and operates data centers in the People's Republic of China. The company provides colocation, managed hosting, and managed cloud services, as well as consulting services to the cloud, internet and banking industries. The company serves cloud service providers, Internet companies, financial institutions, telecommunications and IT service providers, and large domestic private sector and multinational corporations. It has a strategic partnership with GIC Private Limited to develop and operate hyperscale build-to-suit data centers in China. The company was founded in 2001 and is headquartered in Shanghai, the People's Republic of China.",Technology,CN,,GDS-SW,,,,110.5,165000000000.0,GDS-SW,HKD,GDS-SW,GDS-SW,,GDS-SW,9698.hk,,,GDS-SW,,10827,9
,,9900.HK,Gain Plus Holdings Ltd,HKD,HKSE,Capital Goods,"Gain Plus Holdings Limited, an investment holding company, operates as a construction contractor for public and private sector projects in Hong Kong. It offers repair, maintenance, addition, and alteration services, including general upkeep, restoration, and improvement of existing facilities and components of buildings and their surroundings; and building construction services comprising building works and civil works for new buildings, such as lift towers, soccer fields, and walkways. The company was founded in 2004 and is headquartered in Sheung Shui, Hong Kong.",Construction,HK,2/13/2018,Gain Plus Holdings Ltd,,,,1.76,654720000.0,Gain Plus Holdings Ltd,HKD,Gain Plus Holdings Ltd,Gain Plus Holdings Ltd,,Gain Plus Holdings Ltd,9900.hk,,,Gain Plus Holdings Ltd,,10828,9
,,9901.HK,NEW ORIENTAL-S,HKD,HKSE,Education & Training Services,"New Oriental Education & Technology Group Inc. provides private educational services under the New Oriental brand in the People's Republic of China. It operates through K-12 AST, Test Preparation and Other Courses; and Others segments. The company offers test preparation courses to students taking language and entrance exams used by educational institutions in the United States, the People's Republic of China, and the Commonwealth countries; and after-school tutoring courses for middle and high school students to enhance their exam scores, as well as for children to teach English. It also provides language training courses, including English, as well as other foreign languages, such as German, Japanese, French, Korean, Italian, and Spanish; operates a full-time private primary and secondary school in Yangzhou seeking a full curriculum with a focus on English; develops and edits educational materials for language training and test preparation; and offers online education programs that include college, K-12, and pre-school education. In addition, the company offers overseas studies consulting and overseas study tour services. As of May 31, 2020, it offered educational programs, services, and products to students through a network of 104 schools, 1,361 learning centers, and 12 bookstores. The company was founded in 1993 and is headquartered in Beijing, the People's Republic of China.",Consumer Defensive,CN,,NEW ORIENTAL-S,,,,1475.0,253000000000.0,NEW ORIENTAL-S,HKD,NEW ORIENTAL-S,NEW ORIENTAL-S,,NEW ORIENTAL-S,9901.hk,,,NEW ORIENTAL-S,,10830,9
,,9909.HK,Powerlong Commercial Management Holdings Ltd,HKD,HKSE,Real Estate,"Powerlong Commercial Management Holdings Limited, together with its subsidiaries, engages in commercial operational and residential property management businesses in the People's Republic of China. It offers commercial operational services for property developers, tenants, and owners of shopping malls and retail commercial properties under the Powerlong One Mall, Powerlong City, Powerlong Plaza, and Powerlong World brand names. The company also provides commercial property management services, such as security, gardening, cleaning, repair, and maintenance services for tenants. In addition, it offers residential property management services for residential properties, serviced apartments, and office buildings, including pre-sale management services and other value-added services to property developers, property owners, and residents. Further, the company provides development consulting, property management, and commercial operational services to independent third-party owners. As of December 31, 2019, it managed 51 retail commercial properties with a total operated building area of 7.0 million square meters. The company was incorporated in 2019 and is headquartered in Shanghai, the People's Republic of China. Powerlong Commercial Management Holdings Limited is a subsidiary of Powerlong Real Estate (BVI) Holdings Limited.",Real Estate,CN,12/30/2019,Powerlong Commercial Management Holdings Ltd,,,,22.7,14618800100.0,Powerlong Commercial Management Holdings Ltd,HKD,Powerlong Commercial Management Holdings Ltd,Powerlong Commercial Management Holdings Ltd,,Powerlong Commercial Management Holdings Ltd,9909.hk,,,Powerlong Commercial Management Holdings Ltd,,10831,9
,,9911.HK,Newborn Town Inc,HKD,HKSE,Software & Services,"Newborn Town Inc., an investment holding company, operates as a mobile app developer and mobile advertising platform services provider based on AI technologies worldwide. Its products include Solo X, product matrix; Solo Math, a programmatic mobile advertising platform; and Solo Aware, an AI engine. The company was founded in 2011 and is headquartered in Beijing, the People's Republic of China.",Technology,CN,12/31/2019,Newborn Town Inc,,,,9.15,9139476500.0,Newborn Town Inc,HKD,Newborn Town Inc,Newborn Town Inc,,Newborn Town Inc,9911.hk,,,Newborn Town Inc,,10832,9
,,9916.HK,Xingye Wulian Service Group Co Ltd,HKD,HKSE,Real Estate,"Xingye Wulian Service Group Co. Ltd., an investment holding company, engages in the property management and value-added, property engineering, and ancillary food supply services in Mainland China. The company's property management services include security, cleaning, greening and gardening, parking space management, repair and maintenance, and customer services; and value-added services consisting of repair and maintenance, renovation waste clearance, intermediary leasing services, etc. for office buildings, governmental buildings, and industrial parks, etc. Its property engineering services comprises planning, designing, and installation of security and surveillance, access control, carpark management, and construction site management systems. The company was founded in 1999 and is headquartered in Zhengzhou, the People's Republic of China.",Real Estate,CN,3/9/2020,Xingye Wulian Service Group Co Ltd,,,,1.2,480000032.0,Xingye Wulian Service Group Co Ltd,HKD,Xingye Wulian Service Group Co Ltd,Xingye Wulian Service Group Co Ltd,,Xingye Wulian Service Group Co Ltd,9916.hk,,,Xingye Wulian Service Group Co Ltd,,10833,9
,,9918.HK,Wise Ally International Holdings Ltd,HKD,HKSE,Technology Hardware & Equipment,"Wise Ally International Holdings Limited, through its subsidiaries, manufactures and sells of electronic products. The company provides a range of services, including design development and enhancement, technical advice and engineering solution, selection and procurement of materials, production, quality control, and logistics management solutions. It's manufacturing services include printed circuit board assembly, multifunctional modules, and finished electronic products for a range of product applications, such as vapour products; appliances; commercial controls; and heating, ventilation and air-conditionings. The company also trades in electronic products. Wise Ally International Holdings Limited was founded in 1978 and is headquartered in Kowloon Bay, Hong Kong.",Electrical Equipment,HK,1/10/2020,Wise Ally International Holdings Ltd,,,,0.092,184000000.0,Wise Ally International Holdings Ltd,HKD,Wise Ally International Holdings Ltd,Wise Ally International Holdings Ltd,,Wise Ally International Holdings Ltd,9918.hk,,,Wise Ally International Holdings Ltd,,10834,9
,,9919.HK,Activation Group Holdings Ltd,HKD,HKSE,Media & Entertainment,"Activation Group Holdings Limited, an investment holding company, operates as an integrated marketing solutions provider in the People's Republic of China. The company offers integrated marketing solutions, including experiential marketing, digital and brand communication, and public relations services. It also provides sports intellectual property development services; manages and operates sport events; and invests in entertainment projects. The company was founded in 2013 and is headquartered in Shanghai, the People's Republic of China.",Media,CN,1/16/2020,Activation Group Holdings Ltd,,,,0.89,671702530.0,Activation Group Holdings Ltd,HKD,Activation Group Holdings Ltd,Activation Group Holdings Ltd,,Activation Group Holdings Ltd,9919.hk,,,Activation Group Holdings Ltd,,10835,9
,,9923.HK,Yeahka Ltd,HKD,HKSE,Software & Services,"Yeahka Limited operates payment-based technology platform that provides payment and business services to merchants and consumers in China. The company offers one-stop payment services, which consists of app-based payment services that enables customers to accept payments using mobile apps, and pay to merchant customers through third-party e-wallets; and traditional payment services, which enables customers to accept non-cash payments that do not belong to app-based payments, including accepting card payments with traditional payment terminals. It also provides technology-enabled business services, comprising of value-added services, such as merchant SaaS products that helps customers enhance their operational efficiency; marketing services, which is provided primarily though a payment-based advertising platform that allows customers to reach their target markets; and fintech services for financial needs of customers. The company was founded in 2011 and is headquartered in Shenzhen, the People's Republic of China. Yeahka Limited is a subsidiary of Creative Brocade Ltd.",Technology,CN,6/1/2020,Yeahka Ltd,,,,96.1,42956698000.0,Yeahka Ltd,HKD,Yeahka Ltd,Yeahka Ltd,,Yeahka Ltd,9923.hk,,,Yeahka Ltd,,10836,9
,,9926.HK,Akeso Inc,HKD,HKSE,"Pharmaceuticals, Biotechnology & Life Sciences","Akeso, Inc., a clinical-stage biopharmaceutical company, engages in discovery, development and commercialization of therapies. The company develops AK104, a PD-1/CTLA-4 bi-specific antibody for tumor infiltrating lymphocytes, which is in Phase Ia/Ib trial in Australia, and five Phase Ib/II and Phase II trials in China; Penpulimab AK105, a monoclonal antibody that is in Phase III clinical trials for squamous and non-squamous NSCLC, as well as Phase II clinical trial for relapsed/refractory classical hodgkin's lymphoma; and AK112, a PD-1/VEGF bi-specific antibody that is in a Phase I clinical study for the treatment of solid tumors. It is also developing AK101, a monoclonal antibody, which is in Phase IIb clinical trial to treat severe psoriasis patients; AK111, a monoclonal antibody for autoimmune disease target IL-17; and Ebronucimab (AK102) for the treatment of cardiovascular diseases. The company has collaboration agreements with Merck; Sino Biopharm; Dawnrays Pharma; and Zhongshan Health Technology Industrial Base Development Co., Ltd. and Torch Development Zone Linhai Industry Park Development Co., Ltd. Akeso, Inc. was founded in 2012 and is headquartered in Zhongshan, the People's Republic of China.",Biotechnology,CN,4/24/2020,Akeso Inc,,,,58.4,47716131000.0,Akeso Inc,HKD,Akeso Inc,Akeso Inc,,Akeso Inc,9926.hk,,,Akeso Inc,,10837,9
,,9928.HK,Times Neighborhood Holdings Ltd,HKD,HKSE,Commercial  & Professional Services,"Times Neighborhood Holdings Limited provides property management and other relevant services primarily to property developers, property owners and residents, and governmental authorities in the People's Republic of China. The company offers property management services for residential properties non-residential properties. The company also provides community value-added services for owners and tenants, including public space leasing and parking space management, and life services for daily needs, including characteristic butler service, community shopping, community announcement, bill payment service, home appliances maintenance and repair, and community event organization service. In addition, it offers elevator services, including sale, installation, repair, and maintenance; intelligent engineering services, including intelligent community supporting services, as well as build intelligent communities with facilities. It manages a portfolio of residential properties; and non-residential properties, such as commercial properties and office buildings, government buildings, industry parks, public facilities, hospitals, airports, schools, and municipal sanitation. The company was founded in 1998 and is headquartered in Guangzhou, the People's Republic of China.",Commercial Services & Supplies,CN,12/19/2019,Times Neighborhood Holdings Ltd,,,,7.06,6958851600.0,Times Neighborhood Holdings Ltd,HKD,Times Neighborhood Holdings Ltd,Times Neighborhood Holdings Ltd,,Times Neighborhood Holdings Ltd,9928.hk,,,Times Neighborhood Holdings Ltd,,10838,9
,,9933.HK,GHW International,HKD,HKSE,Materials,"GHW International, an investment holding company, manufactures and sells chemical and pharmaceutical products in the People's Republic of China, Vietnam, rest of Asia, Europe, and internationally. It operates in four segments: Polyurethane Materials, Animal Nutrition Chemicals, Fine Chemicals, and Pharmaceutical Products and Intermediates. The Polyurethane Materials segment offers polymeric methylene diphenyl diisocyanate (MDI) and toluene diisocyanate, and polymer polyether for use in cushion foams, interior components, and other lightweight automotive parts. The Animal Nutrition Chemicals segment provides choline chloride and betaine used in feeds for poultry and livestock. The Fine Chemicals segment offers carboxylic acids, solvents, resins, and oleo chemicals used in the paint and synthesis of dyes, production of lubricants, emulsifiers, cosmetics, flavors and fragrances, and feed additives. The Pharmaceutical Products and Intermediates segment produces and sells isooctanoic acid and diethyl sulfate for use in paint drier, fungicide, preservative and pharmaceutical raw materials, synthesis of dyes, pesticides, and pharmaceutical intermediates; and iodine and iodine derivatives, and pharmaceutical products, such as cefpodoxime dispersible tablets. GHW International was founded in 1995 and is headquartered in Nanjing, the People's Republic of China.",Chemicals,CN,1/21/2020,GHW International,,,,0.166,166000000.0,GHW International,HKD,GHW International,GHW International,,GHW International,9933.hk,,,GHW International,,10839,9
,,9936.HK,Ximei Resources Holding Ltd,HKD,HKSE,,"Ximei Resources Holding Limited produces and sells tantalum- and niobium-based metallurgical products in the People's Republic of China, the United States, the European countries, and internationally. It offers tantalum pentoxide and niobium pentoxide, as well as potassium heptafluorotantalate; and processed products, such as tantalum bars, tantalum carbide, niobium bars, and niobium powders. The company also provides services for processing tantalum ores and niobium ores supplied by its customers into pentoxide products and potassium heptafluorotantalate. Ximei Resources Holding Limited was founded in 2006 and is headquartered in Yingde, China.",,CN,3/12/2020,Ximei Resources Holding Ltd,,,,2.34,702000000.0,Ximei Resources Holding Ltd,HKD,Ximei Resources Holding Ltd,Ximei Resources Holding Ltd,,Ximei Resources Holding Ltd,9936.hk,,,Ximei Resources Holding Ltd,,10840,9
,,9966.HK,Alphamab Oncology,HKD,HKSE,"Pharmaceuticals, Biotechnology & Life Sciences","Alphamab Oncology, a clinical-stage biopharmaceutical company, focuses on the research and development, manufacture, and commercialization of oncology biologics. Its product pipeline includes KN046, a bispecific monoclonal antibody (BsAb) immune checkpoint inhibitor, which is in Phase II clinical trials that targets clinically-validated immune checkpoints, including programmed death ligand 1 (PD-L1) and cytotoxic T-lymphocyte-associated protein 4 (CTLA-4); and KN026, a next generation anti-human epidermal growth factor receptor 2 BsAb that is in Phase II clinical trials. The company's product pipeline also comprises KN019, a CTLA-4-based immunosuppressant fusion protein, which is in Phase II with a clinically validated mechanism of action and potential broad applications in autoimmune diseases and oncology treatment-induced immune disorders; and KN035, an injectable PD-L1 inhibitor that is in phase II pivotal clinical trials for deficient mismatch repair/microsatellite instability-high solid tumors, and a Phase III pivotal trials for biliary tract cancer. The company was founded in 2008 and is headquartered in Suzhou, the People's Republic of China.",Biotechnology,CN,12/12/2019,Alphamab Oncology,,,,14.36,13425723400.0,Alphamab Oncology,HKD,Alphamab Oncology,Alphamab Oncology,,Alphamab Oncology,9966.hk,,,Alphamab Oncology,,10841,9
,,9968.HK,Huijing Holdings Co Ltd,HKD,HKSE,Real Estate,"Huijing Holdings Company Limited, an investment holding company, engages in the property development and investment activities primarily in Mainland China. It develops residential properties, such as townhouses, mansions, and villas, as well as commercial properties comprising retail outlets, shopping malls, offices, and hotels; and urban renewal projects. The company was founded in 2004 and is headquartered in Dongguan, the People's Republic of China. Huijing Holdings Company Limited is a subsidiary of Wui Ying Holdings Limited.",Real Estate,CN,1/16/2020,Huijing Holdings Co Ltd,,,,2.04,10718159900.0,Huijing Holdings Co Ltd,HKD,Huijing Holdings Co Ltd,Huijing Holdings Co Ltd,,Huijing Holdings Co Ltd,9968.hk,,,Huijing Holdings Co Ltd,,10842,9
,,9969.HK,InnoCare Pharma Ltd,HKD,HKSE,"Pharmaceuticals, Biotechnology & Life Sciences","InnoCare Pharma Limited, a clinical stage biopharmaceutical company, focuses on discovering, developing, and commercializing drugs for the treatment of cancer and autoimmune diseases. It is developing Orelabrutinib (ICP-022), a Bruton's tyrosine kinase that is in registrational trials for the treatment of chronic lymphocytic leukemia or small lymphocytic lymphoma, and relapsed and refractory mantle cell lymphoma; in Phase II studies for patients with relapsed and refractory marginal zone lymphoma, relapsed and refractory central nervous system lymphoma, and relapsed and refractory Waldenstrom's macroglobulinemia; and in a Phase I clinical trial for follicular lymphoma patients, as well as Phase I basket trial for B-cell malignancies. The company is also developing ICP-192, a pan-inhibitor of fibroblast growth factor receptor (FGFR) that is in Phase I/IIa clinical trial to define its maximum tolerated dose and/or optimal biological dose, and pharmacokinetics/ pharmacodynamics in patients with solid tumors; and ICP-105, a FGFR4 inhibitor, which is in Phase I dose escalation trial for the treatment of advanced hepatocellular carcinoma. Its preclinical stage products include ICP-723, a pan-inhibitor of tropomyosin-related kinase family to treat patients with neurotrophic tyrosine receptor kinase fusion-positive cancers; and ICP-330, a small-molecule inhibitor of tyrosine kinase 2 for the treatment of various T-cell mediated autoimmune disorders, such as psoriasis, inflammatory bowel disease, and systemic lupus erythematosus. The company was founded in 2015 and is headquartered in Wanchai, Hong Kong.",Biotechnology,CN,3/23/2020,InnoCare Pharma Ltd,,,,19.5,29243566100.0,InnoCare Pharma Ltd,HKD,InnoCare Pharma Ltd,InnoCare Pharma Ltd,,InnoCare Pharma Ltd,9969.hk,,,InnoCare Pharma Ltd,,10843,9
,,9978.HK,Fineland Real Estate Services Group Ltd,HKD,HKSE,Real Estate,"Fineland Real Estate Services Group Limited, through its subsidiaries, provides real estate agency services, property research and consultancy, and integrated services in the People's Republic of China. Its property research and consultancy services include macroeconomic analysis of the market, analysis on investment return, market environment analysis, studies on project conditions, development and positioning, formulating planning and development strategies of the project, recommendations on construction and mix of properties, and recommendations on sales and marketing strategies. The company's real estate agency services comprise marketing research and analysis, target customers analysis, the assessment of market entrance, the strategy of advertising, media, promotion and pricing settling, and the management of selling and after-sales services for the primary market. It also provides secondary market real estate agency services to owners looking to sell or lease their properties, and to potential buyers or tenants looking to buy or rent properties. In addition, the company offers a range of value-added services to customers, including property developers, individual customers, and companies, which include Zhaoshangyi that assists property developers with primary market development projects that have commercial units identify and approach prospective lessees; and operates One-stop Service Centre that provides value-added services, such as rent collection, property repair and maintenance, and design and furnishing services, as well as assists purchasers to obtain ownership certificates and apply for mortgages from banks. The company was incorporated in 2017 and is headquartered in Guangzhou, the People's Republic of China. Fineland Real Estate Services Group Limited is a subsidiary of Mansion Green Holdings Limited.",Real Estate,CN,11/15/2017,Fineland Real Estate Services Group Ltd,,,,0.55,220000000.0,Fineland Real Estate Services Group Ltd,HKD,Fineland Real Estate Services Group Ltd,Fineland Real Estate Services Group Ltd,,Fineland Real Estate Services Group Ltd,9978.hk,,,Fineland Real Estate Services Group Ltd,,10844,9
,,9987.HK,YUM CHINA-S,HKD,HKSE,Restaurants,"Yum China Holdings, Inc. owns, operates, and franchises restaurants in China. The company operates in two segments, KFC and Pizza Hut. It operates restaurants under the KFC, Pizza Hut, Taco Bell, East Dawning, Little Sheep, and COFFii & JOY brands, which specialize in chicken, pizza, hot pot cooking, Chinese food, Mexican-style food, and coffee categories. The company also provides online food delivery services. It operates franchise restaurants under the KFC, Pizza Hut, Taco Bell, Little Sheep, East Dawning, and COFFii & JOY names. As of July 29, 2020, the company operated approximately 10,000 restaurants in China and internationally. Yum China Holdings, Inc. has strategic agreements with China Petrochemical Corporation and with China National Petroleum Corporation to collaborate on the development of franchise restaurants at gas stations. Yum China Holdings, Inc. was incorporated in 2016 and is headquartered in Shanghai, China.",Consumer Cyclical,CN,,YUM CHINA-S,,,,472.2,201000000000.0,YUM CHINA-S,HKD,YUM CHINA-S,YUM CHINA-S,,YUM CHINA-S,9987.hk,,,YUM CHINA-S,,10845,9
,,9988.HK,BABA-SW,HKD,HKSE,Internet Retail,"Alibaba Group Holding Limited, through its subsidiaries, provides online and mobile commerce businesses in the People's Republic of China and internationally. It operates through four segments: Core Commerce, Cloud Computing, Digital Media and Entertainment, and Innovation Initiatives and Others. The company operates Taobao Marketplace, a mobile commerce destination; Tmall, a third-party online and mobile commerce platform for brands and retailers; Alibaba Health Internet platforms for pharmaceutical and healthcare products; Alimama, a monetization platform; 1688.com and Alibaba.com, which are online wholesale marketplaces; AliExpress, a retail marketplace; Lazada, an e-commerce platform; and Tmall Global, an import e-commerce platform. It also operates Lingshoutong, a digital sourcing platform; Cainiao Network logistic services platform; Ele.me, a delivery and local services platform; Koubei, a restaurant and local services guide platform; and Fliggy, an online travel platform. In addition, the company offers pay-for-performance and display marketing services; and Taobao Ad Network and Exchange, a real-time bidding online marketing exchange. Further, it provides elastic computing, database, storage, virtualization network, large-scale computing, security, management and application, big data analytics, and Internet of Things and other services for enterprises; payment and escrow services; and movies, television series, variety shows, animations, and other video content. Additionally, the company operates Youku, an online video platform; Alibaba Pictures and other content platforms that provide online videos, films, live events, news feeds, literature, music, and others; Amap, a mobile digital map, navigation, and real-time traffic information app; DingTalk, a business efficiency app; and Tmall Genie, an AI-powered smart speaker. The company was founded in 1999 and is based in Hangzhou, the People's Republic of China.",Consumer Cyclical,CN,,BABA-SW,,,,261.0,5660000000000.0,BABA-SW,HKD,BABA-SW,BABA-SW,,BABA-SW,9988.hk,,,BABA-SW,,10846,9
,,9995.HK,REMEGEN-B,HKD,HKSE,Biotechnology,"RemeGen Co., Ltd., a biopharmaceutical company, engages in the discovery, development, and commercialization of biologics for the treatment of autoimmune, oncology, and ophthalmic diseases with unmet medical needs in the People's Republic of China and internationally. The company's products in various stages of development include Telitacicept (RC18) for use in the treatment of autoimmune diseases, such as systemic lupus erythematosus, neuromyelitis optica spectrum disorder, rheumatoid arthritis, IgA nephritis, SjÃƒÂ¶gren's syndrome, multiple sclerosis, and myasthenia gravis; and Disitamab Vedotin (RC48) and RC98 for use in the treatment of various cancers. It is also developing RC28, which has completed Phase 1 clinical trials for use in the treatment of wet age-related macular degeneration, diabetic macular edema, and diabetic retinopathy; and RC88, which is in Phase 1 clinical trials for use in the treatment of diabetic macular edema, as well as pre-clinical products, such as RC108, RC118, RC138, RC148, and RC158 to treat various solid tumors. The company was founded in 2008 and is headquartered in Yantai, the People's Republic of China.",Healthcare,CN,10/28/2020,REMEGEN-B,,,,143.0,70046687000.0,REMEGEN-B,HKD,REMEGEN-B,REMEGEN-B,,REMEGEN-B,9995.hk,,,REMEGEN-B,,10847,9
,,9996.HK,Peijia Medical Ltd,HKD,HKSE,Health Care Equipment & Services,"Peijia Medical Limited engages in the research, development, production, and sales of interventional procedural medical devices for the treatment of structural heart and neurovascular diseases. Its product candidates include transcatheter aortic valve replacement (TAVR) products, such as TaurusOne, a transcatheter aortic valve replacement system, including prosthetic aortic valve, delivery catheter system, and LS; TaurusElite, a second-generation TAVR device; and TaurusNXT, a third-generation TAVR device. The company is also developing transcatheter mitral valve replacement devices for the treatment of mitral regurgitation; and transcatheter tricuspid valve replacement devices for the treatment of tricuspid regurgitation. In addition, it is developing lithotripsy and balloon aortic valvuloplasty catheters, introducer sheaths, guidewires, and mitral repair devices. Further, the company is developing neurointerventional procedural products, such as stent retrievers; balloon guide and dilatation, distal access, intermediate, and aspiration catheters; and balloon microcatheter, heat-fusion detachable coils, intracranial stents, and detachable coils. Peijia Medical Limited was founded in 2012 and is headquartered in Suzhou, the People's Republic of China.",Health Care,CN,5/15/2020,Peijia Medical Ltd,,,,28.4,18934792200.0,Peijia Medical Ltd,HKD,Peijia Medical Ltd,Peijia Medical Ltd,,Peijia Medical Ltd,9996.hk,,,Peijia Medical Ltd,,10848,9
,,9997.HK,Kangji Medical Holdings Ltd,HKD,HKSE,Health Care Equipment & Services,"Kangji Medical Holdings Limited, through its subsidiaries, engages in the research, development, manufacture, and sale of minimally invasive surgical instruments and accessories in China. It offers disposable trocars, polymer ligation clips, disposable electrocoagulation forceps, and other types of disposable hand-held instruments; and reusable trocars, reusable forceps, and other reusable products, including veress needles, monopolar grasping forceps, and myomectomy surgical instrument sets. The company's products are used in obstetrics and gynecology, general surgery, urology, and thoracic surgery specialties. It primarily sells products to a network of distributors. The company was founded in 2004 and is headquartered in Hangzhou, China.",Health Care,CN,6/29/2020,Kangji Medical Holdings Ltd,,,,11.94,14951387100.0,Kangji Medical Holdings Ltd,HKD,Kangji Medical Holdings Ltd,Kangji Medical Holdings Ltd,,Kangji Medical Holdings Ltd,9997.hk,,,Kangji Medical Holdings Ltd,,10849,9
,,9998.HK,Kwan Yong Holdings Ltd,HKD,HKSE,Capital Goods,"Kwan Yong Holdings Limited, an investment holding company, provides general building and construction services in Singapore. It undertakes building construction works of institutional buildings, such as education institutions, hospitals, and nursing homes; and commercial buildings comprising office buildings and restaurants, as well as industrial and residential buildings. The company was incorporated in 2018 and is headquartered in Singapore. Kwan Yong Holdings Limited is a subsidiary of Ideal Smart Ventures Limited.",Construction,SG,1/8/2020,Kwan Yong Holdings Ltd,,,,0.191,152800000.0,Kwan Yong Holdings Ltd,HKD,Kwan Yong Holdings Ltd,Kwan Yong Holdings Ltd,,Kwan Yong Holdings Ltd,9998.hk,,,Kwan Yong Holdings Ltd,,10850,9
,,9999.HK,NetEase Inc,HKD,HKSE,Media & Entertainment,"NetEase, Inc., an Internet technology company, provides online services focusing on content, community, communication, and commerce in the Peoples' Republic of China and internationally. The company operates in three segments: Online Games Services, Youdao, and Innovative Businesses and Others. It develops and operates PC-client and mobile games, as well as offers games licensed from other game developers. The company's products and services include Youdao Dictionary, an online knowledge tool; Youdao Cloudnote, a notetaking tool; smart devices, such as Youdao Smart Pen, Youdao Dictionary Pen, and Youdao Pocket Translator; online courses; interactive learning apps; and enterprise services, such as Youdao Smart Cloud, a cloud-based platform that helps third-party app developers, smart device brands, and manufacturers to access its advanced optical character recognition capability and neural machine translation engine. Its products and services also include NetEase Cloud Music, a music streaming platform; Yanxuan, an e-commerce platform, which sells private label products, including consumer electronics, food, apparel, homeware, kitchenware, and other general merchandise; NetEase Media, an Internet media service; NetEase Mail, an email service; CC Live streaming, a live streaming platform with a focus on game broadcasting; and NetEase Pay, a payment platform. The company was formerly known as NetEase.com, Inc. and changed its name to NetEase, Inc. in March 2012. NetEase, Inc. was founded in 1997 and is headquartered in Hangzhou, the People's Republic of China.",Media,CN,6/30/2000,NetEase Inc,,,,206.0,706000000000.0,NetEase Inc,HKD,NetEase Inc,NetEase Inc,,NetEase Inc,9999.hk,,,NetEase Inc,,10852,9
,,99SC.DE,NEXR Technologies SE,EUR,XETRA,Technology Hardware & Equipment,"NeXR Technologies SE engages in the acquisition of investments that focus on the digital marketing of products and provision of services. The company is headquartered in Berlin, Berlin and currently employs 82 full-time employees. The company operates through its subsidiaries VRIDAY, 3D Instagraph and Motion Capture Studio OnPoint. VRIDAY operates as an agency offering consulting, planning, implementation and publishing of VR experiences for companies and brands. The technology of 3D Instagraph is used for the creation of 3D (three dimensional) avatars, which can be animated and integrated into virtual worlds with the help of the Motion Capture Studio OnPoint. 3D Instagraph develops and distributes its own 3D scanners and application software. With the help of the scanners photorealistic 3D avatars can be generated in seconds. The firm provides its solutions to companies, brands and educational institutions, among others.",Electrical Equipment,DE,5/18/2015,NEXR Technologies SE,,,,2.44,9297303.0,NEXR Technologies SE,€,NEXR Technologies SE,NEXR Technologies SE,,NEXR Technologies SE,99sc.de,,,NEXR Technologies SE,,10853,9
,,9LG.DE,LogMeIn Inc,EUR,XETRA,Software & Services,"LogMeIn, Inc. engages in the development and market of remote access, remote support and collaboration solutions that provide instant, secure connections between internet enabled devices. The company is headquartered in Boston, Massachusetts and currently employs 3,998 full-time employees. The firm's core cloud-based services are categorized into four business lines: Communications and Collaboration; Customer Engagement and Support; and Identity and Access. The firm's communication and collaboration services include GoToMeeting; GoToTraining; GoToWebinar; join.me, join.me pro and join.me enterprise; OpenVoice, and Grasshopper. The firm's customer engagement and support services include Bold360; GoToAssist, GoToAssist Corporate and GoToAssist Seeit; LogMeIn Rescue, Rescue Lens and LogMeIn Rescue+Mobile. Its identity and access management services include LogMeIn Central, GoToMyPC, LogMeIn Pro and LastPass.",Technology,US,7/1/2009,LogMeIn Inc,,,,72.0,1799846530.0,LogMeIn Inc,€,LogMeIn Inc,LogMeIn Inc,,LogMeIn Inc,9lg.de,,,LogMeIn Inc,,10854,9
,,9SP.AX,9 Spokes International Ltd,AUD,ASX,Software & Services,"9 Spokes International Limited provides a digital ecosystem that aggregates data across businesses, apps, and banks in Europe, North America, and the Asia Pacific. The company's smart dashboard collects data from business apps to provide insights and information about the business performance. It primarily serves startup, hospitality, retail, and business and professional services sectors. 9 Spokes International Limited was founded in 2011 and is based in Auckland, New Zealand.",Technology,NZ,6/9/2016,9 Spokes International Ltd,,,,0.021,31360140.0,9 Spokes International Ltd,A$,9 Spokes International Ltd,9 Spokes International Ltd,,9 Spokes International Ltd,9sp.ax,,,9 Spokes International Ltd,,10855,9
